[
  {"lineId": "1号线/八通线", "speed": 75},
  {"lineId": "2号线", "speed": 80},
  {"lineId": "3号线", "speed": 80},
  {"lineId": "4号线/大兴线", "speed": 90},
  {"lineId": "5号线", "speed": 80},
  {"lineId": "6号线", "speed": 100},
  {"lineId": "7号线", "speed": 80},
  {"lineId": "8号线", "speed": 80},
  {"lineId": "9号线", "speed": 80},
  {"lineId": "10号线", "speed": 80},
  {"lineId": "11号线", "speed": 100},
  {"lineId": "12号线", "speed": 80},
  {"lineId": "13号线", "speed": 75},
  {"lineId": "14号线", "speed": 75},
  {"lineId": "15号线", "speed": 80},
  {"lineId": "16号线", "speed": 80},
  {"lineId": "17号线南", "speed": 100},
  {"lineId": "17号线北", "speed": 100},
  {"lineId": "19号线", "speed": 120},
  {"lineId": "S1线", "speed": 100},
  {"lineId": "昌平线", "speed": 100},
  {"lineId": "房山线", "speed": 100},
  {"lineId": "亦庄线", "speed": 80},
  {"lineId": "首都机场线", "speed": 110},
  {"lineId": "大兴机场线", "speed": 160},
  {"lineId": "燕房线", "speed": 80},
  {"lineId": "西郊线", "speed": 70}
]