{
  "1号线/八通线": [
    {"startStation": "古城", "endStation": "八角游乐园", "distance": 1921},
    {"startStation": "八角游乐园", "endStation": "八宝山", "distance": 1953},
    {"startStation": "八宝山", "endStation": "玉泉路", "distance": 1479},
    {"startStation": "玉泉路", "endStation": "五棵松", "distance": 1810},
    {"startStation": "五棵松", "endStation": "万寿路", "distance": 1778},
    {"startStation": "万寿路", "endStation": "公主坟", "distance": 1313},
    {"startStation": "公主坟", "endStation": "军事博物馆", "distance": 1172},
    {"startStation": "军事博物馆", "endStation": "木樨地", "distance": 1166},
    {"startStation": "木樨地", "endStation": "南礼士路", "distance": 1291},
    {"startStation": "南礼士路", "endStation": "复兴门", "distance": 424},
    {"startStation": "复兴门", "endStation": "西单", "distance": 1596},
    {"startStation": "西单", "endStation": "天安门西", "distance": 1217},
    {"startStation": "天安门西", "endStation": "天安门东", "distance": 925},
    {"startStation": "天安门东", "endStation": "王府井", "distance": 852},
    {"startStation": "王府井", "endStation": "东单", "distance": 774},
    {"startStation": "东单", "endStation": "建国门", "distance": 1230},
    {"startStation": "建国门", "endStation": "永安里", "distance": 1377},
    {"startStation": "永安里", "endStation": "国贸", "distance": 790},
    {"startStation": "国贸", "endStation": "大望路", "distance": 1385},
    {"startStation": "大望路", "endStation": "四惠", "distance": 1673},
    {"startStation": "四惠", "endStation": "四惠东", "distance": 1714},
    {"startStation": "四惠东", "endStation": "高碑店", "distance": 1375},
    {"startStation": "高碑店", "endStation": "传媒大学", "distance": 2002},
    {"startStation": "传媒大学", "endStation": "双桥", "distance": 1894},
    {"startStation": "双桥", "endStation": "管庄", "distance": 1912},
    {"startStation": "管庄", "endStation": "八里桥", "distance": 1763},
    {"startStation": "八里桥", "endStation": "通州北苑", "distance": 1700},
    {"startStation": "通州北苑", "endStation": "果园", "distance": 1465},
    {"startStation": "果园", "endStation": "九棵树", "distance": 990},
    {"startStation": "九棵树", "endStation": "梨园", "distance": 1225},
    {"startStation": "梨园", "endStation": "临河里", "distance": 1257},
    {"startStation": "临河里", "endStation": "土桥", "distance": 776},
    {"startStation": "土桥", "endStation": "花庄", "distance": 2238},
    {"startStation": "花庄", "endStation": "环球度假区", "distance": 1863}
  ],
  "2号线": [
    {"startStation": "西直门", "endStation": "车公庄", "distance": 910},
    {"startStation": "车公庄", "endStation": "阜成门", "distance": 960},
    {"startStation": "阜成门", "endStation": "复兴门", "distance": 1833},
    {"startStation": "复兴门", "endStation": "长椿街", "distance": 1234},
    {"startStation": "长椿街", "endStation": "宣武门", "distance": 929},
    {"startStation": "宣武门", "endStation": "和平门", "distance": 851},
    {"startStation": "和平门", "endStation": "前门", "distance": 1171},
    {"startStation": "前门", "endStation": "崇文门", "distance": 1634},
    {"startStation": "崇文门", "endStation": "北京站", "distance": 1023},
    {"startStation": "北京站", "endStation": "建国门", "distance": 946},
    {"startStation": "建国门", "endStation": "朝阳门", "distance": 1736},
    {"startStation": "朝阳门", "endStation": "东四十条", "distance": 1027},
    {"startStation": "东四十条", "endStation": "东直门", "distance": 824},
    {"startStation": "东直门", "endStation": "雍和宫", "distance": 2228},
    {"startStation": "雍和宫", "endStation": "安定门", "distance": 792},
    {"startStation": "安定门", "endStation": "鼓楼大街", "distance": 1237},
    {"startStation": "鼓楼大街", "endStation": "积水潭", "distance": 1766}
  ],
  "3号线": [
    {"startStation": "东坝北", "endStation": "东坝", "distance": 1621},
    {"startStation": "东坝", "endStation": "东坝南", "distance": 1544},
    {"startStation": "东坝南", "endStation": "姚家园", "distance": 2362},
    {"startStation": "姚家园", "endStation": "朝阳站", "distance": 2093},
    {"startStation": "朝阳站", "endStation": "石佛营", "distance": 1218},
    {"startStation": "石佛营", "endStation": "朝阳公园", "distance": 1669},
    {"startStation": "朝阳公园", "endStation": "团结湖", "distance": 1757},
    {"startStation": "团结湖", "endStation": "工人体育场", "distance": 934},
    {"startStation": "工人体育场", "endStation": "东四十条", "distance": 1269}
  ],
  "4号线/大兴线": [
    {"startStation": "安河桥北", "endStation": "北宫门", "distance": 1363},
    {"startStation": "北宫门", "endStation": "西苑", "distance": 1251},
    {"startStation": "西苑", "endStation": "圆明园", "distance": 1672},
    {"startStation": "圆明园", "endStation": "北京大学东门", "distance": 1295},
    {"startStation": "北京大学东门", "endStation": "中关村", "distance": 887},
    {"startStation": "中关村", "endStation": "海淀黄庄", "distance": 900},
    {"startStation": "海淀黄庄", "endStation": "人民大学", "distance": 1063},
    {"startStation": "人民大学", "endStation": "魏公村", "distance": 1051},
    {"startStation": "魏公村", "endStation": "国家图书馆", "distance": 1658},
    {"startStation": "国家图书馆", "endStation": "动物园", "distance": 1517},
    {"startStation": "动物园", "endStation": "西直门", "distance": 1441},
    {"startStation": "西直门", "endStation": "新街口", "distance": 1025},
    {"startStation": "新街口", "endStation": "平安里", "distance": 1100},
    {"startStation": "平安里", "endStation": "西四", "distance": 1100},
    {"startStation": "西四", "endStation": "灵境胡同", "distance": 869},
    {"startStation": "灵境胡同", "endStation": "西单", "distance": 1011},
    {"startStation": "西单", "endStation": "宣武门", "distance": 815},
    {"startStation": "宣武门", "endStation": "菜市口", "distance": 1152},
    {"startStation": "菜市口", "endStation": "陶然亭", "distance": 1200},
    {"startStation": "陶然亭", "endStation": "北京南站", "distance": 1643},
    {"startStation": "北京南站", "endStation": "马家堡", "distance": 1480},
    {"startStation": "马家堡", "endStation": "角门西", "distance": 827},
    {"startStation": "角门西", "endStation": "公益西桥", "distance": 989},
    {"startStation": "公益西桥", "endStation": "新宫", "distance": 2798},
    {"startStation": "新宫", "endStation": "西红门", "distance": 5102},
    {"startStation": "西红门", "endStation": "高米店北", "distance": 1810},
    {"startStation": "高米店北", "endStation": "高米店南", "distance": 1128},
    {"startStation": "高米店南", "endStation": "枣园", "distance": 1096},
    {"startStation": "枣园", "endStation": "清源路", "distance": 1200},
    {"startStation": "清源路", "endStation": "黄村西大街", "distance": 1214},
    {"startStation": "黄村西大街", "endStation": "黄村火车站", "distance": 987},
    {"startStation": "黄村火车站", "endStation": "义和庄", "distance": 2035},
    {"startStation": "义和庄", "endStation": "生物医药基地", "distance": 2918},
    {"startStation": "生物医药基地", "endStation": "天宫院", "distance": 1811}
  ],
  "5号线": [
    {"startStation": "天通苑", "endStation": "天通苑北", "distance": 941},
    {"startStation": "天通苑南", "endStation": "天通苑", "distance": 964},
    {"startStation": "立水桥", "endStation": "天通苑南", "distance": 1544},
    {"startStation": "立水桥南", "endStation": "立水桥", "distance": 1306},
    {"startStation": "北苑路北", "endStation": "立水桥南", "distance": 1330},
    {"startStation": "大屯路东", "endStation": "北苑路北", "distance": 2956},
    {"startStation": "惠新西街北口", "endStation": "大屯路东", "distance": 1838},
    {"startStation": "惠新西街南口", "endStation": "惠新西街北口", "distance": 1121},
    {"startStation": "和平西桥", "endStation": "惠新西街南口", "distance": 1026},
    {"startStation": "和平里北街", "endStation": "和平西桥", "distance": 1059},
    {"startStation": "雍和宫", "endStation": "和平里北街", "distance": 1151},
    {"startStation": "北新桥", "endStation": "雍和宫", "distance": 866},
    {"startStation": "张自忠路", "endStation": "北新桥", "distance": 791},
    {"startStation": "东四", "endStation": "张自忠路", "distance": 1017},
    {"startStation": "灯市口", "endStation": "东四", "distance": 848},
    {"startStation": "东单", "endStation": "灯市口", "distance": 945},
    {"startStation": "崇文门", "endStation": "东单", "distance": 822},
    {"startStation": "磁器口", "endStation": "崇文门", "distance": 877},
    {"startStation": "天坛东门", "endStation": "磁器口", "distance": 1183},
    {"startStation": "蒲黄榆", "endStation": "天坛东门", "distance": 1900},
    {"startStation": "刘家窑", "endStation": "蒲黄榆", "distance": 905},
    {"startStation": "宋家庄", "endStation": "刘家窑", "distance": 1670}
  ],
  "6号线": [
    {"startStation": "金安桥", "endStation": "苹果园", "distance": 1438},
    {"startStation": "苹果园", "endStation": "杨庄", "distance": 839},
    {"startStation": "杨庄", "endStation": "西黄村", "distance": 1792},
    {"startStation": "西黄村", "endStation": "廖公庄", "distance": 1794},
    {"startStation": "廖公庄", "endStation": "田村", "distance": 2276},
    {"startStation": "田村", "endStation": "海淀五路居", "distance": 2140},
    {"startStation": "海淀五路居", "endStation": "慈寿寺", "distance": 1509},
    {"startStation": "慈寿寺", "endStation": "花园桥", "distance": 1431},
    {"startStation": "花园桥", "endStation": "白石桥南", "distance": 1167},
    {"startStation": "白石桥南", "endStation": "二里沟", "distance": 777},
    {"startStation": "二里沟", "endStation": "车公庄西", "distance": 888},
    {"startStation": "车公庄西", "endStation": "车公庄", "distance": 887},
    {"startStation": "车公庄", "endStation": "平安里", "distance": 1444},
    {"startStation": "平安里", "endStation": "北海北", "distance": 1322},
    {"startStation": "北海北", "endStation": "南锣鼓巷", "distance": 1349},
    {"startStation": "南锣鼓巷", "endStation": "东四", "distance": 1937},
    {"startStation": "东四", "endStation": "朝阳门", "distance": 1400},
    {"startStation": "朝阳门", "endStation": "东大桥", "distance": 1669},
    {"startStation": "东大桥", "endStation": "呼家楼", "distance": 846},
    {"startStation": "呼家楼", "endStation": "金台路", "distance": 1450},
    {"startStation": "金台路", "endStation": "十里堡", "distance": 2037},
    {"startStation": "十里堡", "endStation": "青年路", "distance": 1283},
    {"startStation": "青年路", "endStation": "褡裢坡", "distance": 3999},
    {"startStation": "褡裢坡", "endStation": "黄渠", "distance": 1239},
    {"startStation": "黄渠", "endStation": "常营", "distance": 1854},
    {"startStation": "常营", "endStation": "草房", "distance": 1407},
    {"startStation": "草房", "endStation": "物资学院路", "distance": 2115},
    {"startStation": "物资学院路", "endStation": "通州北关", "distance": 2557},
    {"startStation": "通州北关", "endStation": "北运河西", "distance": 3011},
    {"startStation": "北运河西", "endStation": "北运河东", "distance": 1600},
    {"startStation": "北运河东", "endStation": "郝家府", "distance": 929},
    {"startStation": "郝家府", "endStation": "东夏园", "distance": 1347},
    {"startStation": "东夏园", "endStation": "潞城", "distance": 1194}
  ],
  "7号线": [
    {"startStation": "北京西站", "endStation": "湾子", "distance": 935},
    {"startStation": "湾子", "endStation": "达官营", "distance": 734},
    {"startStation": "达官营", "endStation": "广安门内", "distance": 1875},
    {"startStation": "广安门内", "endStation": "菜市口", "distance": 1373},
    {"startStation": "菜市口", "endStation": "虎坊桥", "distance": 886},
    {"startStation": "虎坊桥", "endStation": "珠市口", "distance": 1205},
    {"startStation": "珠市口", "endStation": "桥湾", "distance": 869},
    {"startStation": "桥湾", "endStation": "磁器口", "distance": 1016},
    {"startStation": "磁器口", "endStation": "广渠门内", "distance": 1138},
    {"startStation": "广渠门内", "endStation": "广渠门外", "distance": 1332},
    {"startStation": "广渠门外", "endStation": "双井", "distance": 1241},
    {"startStation": "双井", "endStation": "九龙山", "distance": 1311},
    {"startStation": "九龙山", "endStation": "大郊亭", "distance": 781},
    {"startStation": "大郊亭", "endStation": "百子湾", "distance": 865},
    {"startStation": "百子湾", "endStation": "化工", "distance": 903},
    {"startStation": "化工", "endStation": "南楼梓庄", "distance": 1465},
    {"startStation": "南楼梓庄", "endStation": "欢乐谷景区", "distance": 905},
    {"startStation": "欢乐谷景区", "endStation": "垡头", "distance": 1679},
    {"startStation": "垡头", "endStation": "双合", "distance": 1304},
    {"startStation": "双合", "endStation": "焦化厂", "distance": 1021},
    {"startStation": "焦化厂", "endStation": "黄厂", "distance": 1678},
    {"startStation": "黄厂", "endStation": "郎辛庄", "distance": 1752},
    {"startStation": "郎辛庄", "endStation": "黑庄户", "distance": 2517},
    {"startStation": "黑庄户", "endStation": "万盛西", "distance": 2961},
    {"startStation": "万盛西", "endStation": "万盛东", "distance": 2110},
    {"startStation": "万盛东", "endStation": "群芳", "distance": 1160},
    {"startStation": "群芳", "endStation": "高楼金", "distance": 1195},
    {"startStation": "高楼金", "endStation": "花庄", "distance": 1425},
    {"startStation": "花庄", "endStation": "环球度假区", "distance": 1769}
  ],
  "8号线": [
    {"startStation": "育知路", "endStation": "朱辛庄", "distance": 2319},
    {"startStation": "平西府", "endStation": "育知路", "distance": 1986},
    {"startStation": "回龙观东大街", "endStation": "平西府", "distance": 2017},
    {"startStation": "霍营", "endStation": "回龙观东大街", "distance": 1115},
    {"startStation": "育新", "endStation": "霍营", "distance": 1895},
    {"startStation": "西小口", "endStation": "育新", "distance": 1543},
    {"startStation": "永泰庄", "endStation": "西小口", "distance": 1042},
    {"startStation": "林萃桥", "endStation": "永泰庄", "distance": 2553},
    {"startStation": "森林公园南门", "endStation": "林萃桥", "distance": 2558},
    {"startStation": "奥林匹克公园", "endStation": "森林公园南门", "distance": 1017},
    {"startStation": "奥体中心", "endStation": "奥林匹克公园", "distance": 1667},
    {"startStation": "北土城", "endStation": "奥体中心", "distance": 900},
    {"startStation": "安华桥", "endStation": "北土城", "distance": 1009},
    {"startStation": "安德里北街", "endStation": "安华桥", "distance": 1275},
    {"startStation": "鼓楼大街", "endStation": "安德里北街", "distance": 1084},
    {"startStation": "什刹海", "endStation": "鼓楼大街", "distance": 1188},
    {"startStation": "南锣鼓巷", "endStation": "什刹海", "distance": 902},
    {"startStation": "中国美术馆", "endStation": "南锣鼓巷", "distance": 1437},
    {"startStation": "金鱼胡同", "endStation": "中国美术馆", "distance": 873},
    {"startStation": "王府井", "endStation": "金鱼胡同", "distance": 762},
    {"startStation": "前门", "endStation": "王府井", "distance": 1857},
    {"startStation": "珠市口", "endStation": "前门", "distance": 1085},
    {"startStation": "天桥", "endStation": "珠市口", "distance": 881},
    {"startStation": "永定门外", "endStation": "天桥", "distance": 1800},
    {"startStation": "木樨园", "endStation": "永定门外", "distance": 741},
    {"startStation": "海户屯", "endStation": "木樨园", "distance": 845},
    {"startStation": "大红门南", "endStation": "海户屯", "distance": 1678},
    {"startStation": "和义", "endStation": "大红门南", "distance": 2446},
    {"startStation": "东高地", "endStation": "和义", "distance": 1537},
    {"startStation": "火箭万源", "endStation": "东高地", "distance": 1215},
    {"startStation": "五福堂", "endStation": "火箭万源", "distance": 1684},
    {"startStation": "德茂", "endStation": "五福堂", "distance": 2076},
    {"startStation": "瀛海", "endStation": "德茂", "distance": 1510}
  ],
  "9号线": [
    {"startStation": "白石桥南", "endStation": "国家图书馆", "distance": 1096},
    {"startStation": "白堆子", "endStation": "白石桥南", "distance": 1044},
    {"startStation": "军事博物馆", "endStation": "白堆子", "distance": 1912},
    {"startStation": "北京西站", "endStation": "军事博物馆", "distance": 1398},
    {"startStation": "六里桥东", "endStation": "北京西站", "distance": 1171},
    {"startStation": "六里桥", "endStation": "六里桥东", "distance": 1309},
    {"startStation": "七里庄", "endStation": "六里桥", "distance": 1779},
    {"startStation": "丰台东大街", "endStation": "七里庄", "distance": 1326},
    {"startStation": "丰台南路", "endStation": "丰台东大街", "distance": 1585},
    {"startStation": "科怡路", "endStation": "丰台南路", "distance": 980},
    {"startStation": "丰台科技园", "endStation": "科怡路", "distance": 788},
    {"startStation": "郭公庄", "endStation": "丰台科技园", "distance": 1348}
  ],
  "10号线": [
    {"startStation": "巴沟", "endStation": "火器营", "distance": 1441},
    {"startStation": "苏州街", "endStation": "巴沟", "distance": 1110},
    {"startStation": "海淀黄庄", "endStation": "苏州街", "distance": 950},
    {"startStation": "知春里", "endStation": "海淀黄庄", "distance": 976},
    {"startStation": "知春路", "endStation": "知春里", "distance": 1058},
    {"startStation": "西土城", "endStation": "知春路", "distance": 1102},
    {"startStation": "牡丹园", "endStation": "西土城", "distance": 1330},
    {"startStation": "健德门", "endStation": "牡丹园", "distance": 967},
    {"startStation": "北土城", "endStation": "健德门", "distance": 1100},
    {"startStation": "安贞门", "endStation": "北土城", "distance": 1020},
    {"startStation": "惠新西街南口", "endStation": "安贞门", "distance": 982},
    {"startStation": "芍药居", "endStation": "惠新西街南口", "distance": 1713},
    {"startStation": "太阳宫", "endStation": "芍药居", "distance": 1003},
    {"startStation": "三元桥", "endStation": "太阳宫", "distance": 1759},
    {"startStation": "亮马桥", "endStation": "三元桥", "distance": 1535},
    {"startStation": "农业展览馆", "endStation": "亮马桥", "distance": 914},
    {"startStation": "团结湖", "endStation": "农业展览馆", "distance": 853},
    {"startStation": "呼家楼", "endStation": "团结湖", "distance": 1150},
    {"startStation": "金台夕照", "endStation": "呼家楼", "distance": 734},
    {"startStation": "国贸", "endStation": "金台夕照", "distance": 835},
    {"startStation": "双井", "endStation": "国贸", "distance": 1760},
    {"startStation": "劲松", "endStation": "双井", "distance": 1033},
    {"startStation": "潘家园", "endStation": "劲松", "distance": 1021},
    {"startStation": "十里河", "endStation": "潘家园", "distance": 1073},
    {"startStation": "分钟寺", "endStation": "十里河", "distance": 1803},
    {"startStation": "成寿寺", "endStation": "分钟寺", "distance": 1060},
    {"startStation": "宋家庄", "endStation": "成寿寺", "distance": 1675},
    {"startStation": "石榴庄", "endStation": "宋家庄", "distance": 1273},
    {"startStation": "大红门", "endStation": "石榴庄", "distance": 1244},
    {"startStation": "角门东", "endStation": "大红门", "distance": 1124},
    {"startStation": "角门西", "endStation": "角门东", "distance": 1259},
    {"startStation": "草桥", "endStation": "角门西", "distance": 1688},
    {"startStation": "纪家庙", "endStation": "草桥", "distance": 1550},
    {"startStation": "首经贸", "endStation": "纪家庙", "distance": 1119},
    {"startStation": "丰台站", "endStation": "首经贸", "distance": 1717},
    {"startStation": "泥洼", "endStation": "丰台站", "distance": 954},
    {"startStation": "西局", "endStation": "泥洼", "distance": 749},
    {"startStation": "六里桥", "endStation": "西局", "distance": 1587},
    {"startStation": "莲花桥", "endStation": "六里桥", "distance": 2365},
    {"startStation": "公主坟", "endStation": "莲花桥", "distance": 1041},
    {"startStation": "西钓鱼台", "endStation": "公主坟", "distance": 2386},
    {"startStation": "慈寿寺", "endStation": "西钓鱼台", "distance": 1215},
    {"startStation": "车道沟", "endStation": "慈寿寺", "distance": 1591},
    {"startStation": "长春桥", "endStation": "车道沟", "distance": 1206},
    {"startStation": "火器营", "endStation": "长春桥", "distance": 778}
  ],
  "11号线": [
    {"startStation": "模式口", "endStation": "金安桥", "distance": 1366},
    {"startStation": "金安桥", "endStation": "北辛安", "distance": 850},
    {"startStation": "北辛安", "endStation": "新首钢", "distance": 689}
  ],
  "12号线": [
    {"startStation": "东坝北", "endStation": "东坝西", "distance": 2045},
    {"startStation": "东坝西", "endStation": "驼房营", "distance": 2672},
    {"startStation": "驼房营", "endStation": "高家园", "distance": 1172},
    {"startStation": "高家园", "endStation": "将台西", "distance": 1397},
    {"startStation": "将台西", "endStation": "三元桥", "distance": 2311},
    {"startStation": "三元桥", "endStation": "西坝河", "distance": 1775},
    {"startStation": "西坝河", "endStation": "光熙门", "distance": 1202},
    {"startStation": "光熙门", "endStation": "和平西桥", "distance": 1031},
    {"startStation": "和平西桥", "endStation": "安贞桥", "distance": 860},
    {"startStation": "安贞桥", "endStation": "安华桥", "distance": 966},
    {"startStation": "安华桥", "endStation": "马甸桥", "distance": 1230},
    {"startStation": "马甸桥", "endStation": "北太平庄", "distance": 1022},
    {"startStation": "北太平庄", "endStation": "蓟门桥", "distance": 1204},
    {"startStation": "蓟门桥", "endStation": "大钟寺", "distance": 1072},
    {"startStation": "大钟寺", "endStation": "人民大学", "distance": 1722},
    {"startStation": "人民大学", "endStation": "苏州桥", "distance": 1579},
    {"startStation": "苏州桥", "endStation": "长春桥", "distance": 1259},
    {"startStation": "长春桥", "endStation": "蓝靛厂", "distance": 829},
    {"startStation": "蓝靛厂", "endStation": "四季青桥", "distance": 2193}
  ],
  "13号线": [
    {"startStation": "大钟寺", "endStation": "西直门", "distance": 2839},
    {"startStation": "知春路", "endStation": "大钟寺", "distance": 1206},
    {"startStation": "五道口", "endStation": "知春路", "distance": 1829},
    {"startStation": "上地", "endStation": "五道口", "distance": 4866},
    {"startStation": "清河站", "endStation": "上地", "distance": 1018},
    {"startStation": "西二旗", "endStation": "清河站", "distance": 1545},
    {"startStation": "龙泽", "endStation": "西二旗", "distance": 3623},
    {"startStation": "回龙观", "endStation": "龙泽", "distance": 1423},
    {"startStation": "霍营", "endStation": "回龙观", "distance": 2110},
    {"startStation": "立水桥", "endStation": "霍营", "distance": 4786},
    {"startStation": "北苑", "endStation": "立水桥", "distance": 2272},
    {"startStation": "望京西", "endStation": "北苑", "distance": 6720},
    {"startStation": "芍药居", "endStation": "望京西", "distance": 2152},
    {"startStation": "光熙门", "endStation": "芍药居", "distance": 1110},
    {"startStation": "柳芳", "endStation": "光熙门", "distance": 1135},
    {"startStation": "东直门", "endStation": "柳芳", "distance": 1769}
  ],
  "14号线": [
    {"startStation": "张郭庄", "endStation": "园博园", "distance": 1345},
    {"startStation": "园博园", "endStation": "大瓦窑", "distance": 4073},
    {"startStation": "大瓦窑", "endStation": "郭庄子", "distance": 1236},
    {"startStation": "郭庄子", "endStation": "大井", "distance": 2044},
    {"startStation": "大井", "endStation": "七里庄", "distance": 1579},
    {"startStation": "七里庄", "endStation": "西局", "distance": 845},
    {"startStation": "西局", "endStation": "东管头", "distance": 1489},
    {"startStation": "东管头", "endStation": "丽泽商务区", "distance": 958},
    {"startStation": "丽泽商务区", "endStation": "菜户营", "distance": 828},
    {"startStation": "菜户营", "endStation": "西铁营", "distance": 1462},
    {"startStation": "西铁营", "endStation": "景风门", "distance": 883},
    {"startStation": "景风门", "endStation": "北京南站", "distance": 1164},
    {"startStation": "北京南站", "endStation": "陶然桥", "distance": 887},
    {"startStation": "陶然桥", "endStation": "永定门外", "distance": 1063},
    {"startStation": "永定门外", "endStation": "景泰", "distance": 1119},
    {"startStation": "景泰", "endStation": "蒲黄榆", "distance": 1025},
    {"startStation": "蒲黄榆", "endStation": "方庄", "distance": 1486},
    {"startStation": "方庄", "endStation": "十里河", "distance": 1618},
    {"startStation": "十里河", "endStation": "南八里庄", "distance": 1147},
    {"startStation": "南八里庄", "endStation": "北工大西门", "distance": 1276},
    {"startStation": "北工大西门", "endStation": "平乐园", "distance": 1128},
    {"startStation": "平乐园", "endStation": "九龙山", "distance": 897},
    {"startStation": "九龙山", "endStation": "大望路", "distance": 1780},
    {"startStation": "大望路", "endStation": "红庙", "distance": 708},
    {"startStation": "红庙", "endStation": "金台路", "distance": 894},
    {"startStation": "金台路", "endStation": "朝阳公园", "distance": 1085},
    {"startStation": "朝阳公园", "endStation": "枣营", "distance": 1221},
    {"startStation": "枣营", "endStation": "东风北桥", "distance": 2173},
    {"startStation": "东风北桥", "endStation": "将台", "distance": 1600},
    {"startStation": "将台", "endStation": "高家园", "distance": 1171},
    {"startStation": "高家园", "endStation": "望京南", "distance": 676},
    {"startStation": "望京南", "endStation": "阜通", "distance": 1168},
    {"startStation": "阜通", "endStation": "望京", "distance": 903},
    {"startStation": "望京", "endStation": "东湖渠", "distance": 1283},
    {"startStation": "东湖渠", "endStation": "来广营", "distance": 1100},
    {"startStation": "来广营", "endStation": "善各庄", "distance": 1364}
  ],
  "15号线": [
    {"startStation": "清华东路西口", "endStation": "六道口", "distance": 1145},
    {"startStation": "六道口", "endStation": "北沙滩", "distance": 1337},
    {"startStation": "北沙滩", "endStation": "奥林匹克公园", "distance": 1999},
    {"startStation": "奥林匹克公园", "endStation": "安立路", "distance": 1369},
    {"startStation": "安立路", "endStation": "大屯路东", "distance": 938},
    {"startStation": "大屯路东", "endStation": "关庄", "distance": 1087},
    {"startStation": "关庄", "endStation": "望京西", "distance": 2039},
    {"startStation": "望京西", "endStation": "望京", "distance": 1759},
    {"startStation": "望京", "endStation": "望京东", "distance": 1652},
    {"startStation": "望京东", "endStation": "崔各庄", "distance": 2295},
    {"startStation": "崔各庄", "endStation": "马泉营", "distance": 2009},
    {"startStation": "马泉营", "endStation": "孙河", "distance": 3309},
    {"startStation": "孙河", "endStation": "国展", "distance": 3387},
    {"startStation": "国展", "endStation": "花梨坎", "distance": 1616},
    {"startStation": "花梨坎", "endStation": "后沙峪", "distance": 3354},
    {"startStation": "后沙峪", "endStation": "南法信", "distance": 4567},
    {"startStation": "南法信", "endStation": "石门", "distance": 2712},
    {"startStation": "石门", "endStation": "顺义", "distance": 1332},
    {"startStation": "顺义", "endStation": "俸伯", "distance": 2441}
  ],
  "16号线": [
    {"startStation": "北安河", "endStation": "温阳路", "distance": 2653},
    {"startStation": "温阳路", "endStation": "稻香湖路", "distance": 2310},
    {"startStation": "稻香湖路", "endStation": "屯佃", "distance": 2352},
    {"startStation": "屯佃", "endStation": "永丰", "distance": 1961},
    {"startStation": "永丰", "endStation": "永丰南", "distance": 1315},
    {"startStation": "永丰南", "endStation": "西北旺", "distance": 2108},
    {"startStation": "西北旺", "endStation": "马连洼", "distance": 2196},
    {"startStation": "马连洼", "endStation": "农大南路", "distance": 1517},
    {"startStation": "农大南路", "endStation": "西苑", "distance": 2690},
    {"startStation": "西苑", "endStation": "万泉河桥", "distance": 1980},
    {"startStation": "万泉河桥", "endStation": "苏州街", "distance": 1486},
    {"startStation": "苏州街", "endStation": "苏州桥", "distance": 1497},
    {"startStation": "苏州桥", "endStation": "万寿寺", "distance": 1610},
    {"startStation": "万寿寺", "endStation": "国家图书馆", "distance": 1721},
    {"startStation": "国家图书馆", "endStation": "二里沟", "distance": 1589},
    {"startStation": "二里沟", "endStation": "甘家口", "distance": 1046},
    {"startStation": "甘家口", "endStation": "玉渊潭东门", "distance": 970},
    {"startStation": "玉渊潭东门", "endStation": "木樨地", "distance": 565},
    {"startStation": "木樨地", "endStation": "达官营", "distance": 2004},
    {"startStation": "达官营", "endStation": "红莲南路", "distance": 1552},
    {"startStation": "红莲南路", "endStation": "丽泽商务区", "distance": 1241},
    {"startStation": "丽泽商务区", "endStation": "东管头南", "distance": 1803},
    {"startStation": "东管头南", "endStation": "丰台站", "distance": 1794},
    {"startStation": "丰台站", "endStation": "丰台南路", "distance": 1420},
    {"startStation": "丰台南路", "endStation": "富丰桥", "distance": 1187},
    {"startStation": "富丰桥", "endStation": "看丹", "distance": 1226},
    {"startStation": "看丹", "endStation": "榆树庄", "distance": 1442},
    {"startStation": "榆树庄", "endStation": "洪泰庄", "distance": 1681},
    {"startStation": "洪泰庄", "endStation": "宛平城", "distance": 1713}
  ],
  "17号线南": [
    {"startStation": "十里河", "endStation": "周家庄", "distance": 1672},
    {"startStation": "周家庄", "endStation": "十八里店", "distance": 2349},
    {"startStation": "十八里店", "endStation": "北神树", "distance": 5840},
    {"startStation": "北神树", "endStation": "次渠北", "distance": 2334},
    {"startStation": "次渠北", "endStation": "次渠", "distance": 1455},
    {"startStation": "次渠", "endStation": "嘉会湖", "distance": 2125}
  ],
  "17号线北": [
    {"startStation": "工人体育场", "endStation": "左家庄", "distance": 2324},
    {"startStation": "左家庄", "endStation": "西坝河", "distance": 2411},
    {"startStation": "西坝河", "endStation": "太阳宫", "distance": 1207},
    {"startStation": "太阳宫", "endStation": "望京西", "distance": 2500},
    {"startStation": "望京西", "endStation": "红军营", "distance": 5022},
    {"startStation": "红军营", "endStation": "清河营", "distance": 1923},
    {"startStation": "清河营", "endStation": "天通苑东", "distance": 1935},
    {"startStation": "天通苑东", "endStation": "未来科学城", "distance": 5848},
    {"startStation": "未来科学城", "endStation": "未来科学城北", "distance": 1724}
  ],
  "19号线": [
    {"startStation": "新宫", "endStation": "新发地", "distance": 2740},
    {"startStation": "新发地", "endStation": "草桥", "distance": 2650},
    {"startStation": "草桥", "endStation": "景风门", "distance": 2680},
    {"startStation": "景风门", "endStation": "牛街", "distance": 2960},
    {"startStation": "牛街", "endStation": "太平桥", "distance": 2140},
    {"startStation": "太平桥", "endStation": "平安里", "distance": 2710},
    {"startStation": "平安里", "endStation": "积水潭", "distance": 1590},
    {"startStation": "积水潭", "endStation": "北太平庄", "distance": 2450},
    {"startStation": "北太平庄", "endStation": "牡丹园", "distance": 920}
  ],
  "S1线": [
    {"startStation": "石厂", "endStation": "小园", "distance": 1297},
    {"startStation": "小园", "endStation": "栗园庄", "distance": 1266},
    {"startStation": "栗园庄", "endStation": "上岸", "distance": 1044},
    {"startStation": "上岸", "endStation": "桥户营", "distance": 1065},
    {"startStation": "桥户营", "endStation": "四道桥", "distance": 834},
    {"startStation": "四道桥", "endStation": "金安桥", "distance": 2736},
    {"startStation": "金安桥", "endStation": "苹果园", "distance": 1419}
  ],
  "昌平线": [
    {"startStation": "昌平西山口", "endStation": "十三陵景区", "distance": 1213},
    {"startStation": "十三陵景区", "endStation": "昌平", "distance": 2812},
    {"startStation": "昌平", "endStation": "昌平东关", "distance": 2433},
    {"startStation": "昌平东关", "endStation": "北邵洼", "distance": 1683},
    {"startStation": "北邵洼", "endStation": "南邵", "distance": 1958},
    {"startStation": "南邵", "endStation": "沙河高教园", "distance": 5357},
    {"startStation": "沙河高教园", "endStation": "沙河", "distance": 1965},
    {"startStation": "沙河", "endStation": "巩华城", "distance": 2026},
    {"startStation": "巩华城", "endStation": "朱辛庄", "distance": 3799},
    {"startStation": "朱辛庄", "endStation": "生命科学园", "distance": 2368},
    {"startStation": "生命科学园", "endStation": "西二旗", "distance": 5441},
    {"startStation": "西二旗", "endStation": "清河站", "distance": 1546},
    {"startStation": "清河站", "endStation": "朱房北", "distance": 1652},
    {"startStation": "朱房北", "endStation": "清河小营桥", "distance": 1158},
    {"startStation": "清河小营桥", "endStation": "学知园", "distance": 2366},
    {"startStation": "学知园", "endStation": "六道口", "distance": 1683},
    {"startStation": "六道口", "endStation": "学院桥", "distance": 1312},
    {"startStation": "学院桥", "endStation": "西土城", "distance": 1481},
    {"startStation": "西土城", "endStation": "蓟门桥", "distance": 808}
  ],
  "房山线": [
    {"startStation": "首经贸", "endStation": "东管头南", "distance": 1137},
    {"startStation": "花乡东桥", "endStation": "首经贸", "distance": 1793},
    {"startStation": "白盆窑", "endStation": "花乡东桥", "distance": 1668},
    {"startStation": "郭公庄", "endStation": "白盆窑", "distance": 1138},
    {"startStation": "大葆台", "endStation": "郭公庄", "distance": 1405},
    {"startStation": "稻田", "endStation": "大葆台", "distance": 6466},
    {"startStation": "长阳", "endStation": "稻田", "distance": 4042},
    {"startStation": "篱笆房", "endStation": "长阳", "distance": 2150},
    {"startStation": "广阳城", "endStation": "篱笆房", "distance": 1474},
    {"startStation": "良乡大学城北", "endStation": "广阳城", "distance": 2003},
    {"startStation": "良乡大学城", "endStation": "良乡大学城北", "distance": 1188},
    {"startStation": "良乡大学城西", "endStation": "良乡大学城", "distance": 1739},
    {"startStation": "良乡南关", "endStation": "良乡大学城西", "distance": 1333},
    {"startStation": "苏庄", "endStation": "良乡南关", "distance": 1331},
    {"startStation": "阎村东", "endStation": "苏庄", "distance": 2200}
  ],
  "亦庄线": [
    {"startStation": "肖村", "endStation": "宋家庄", "distance": 2631},
    {"startStation": "小红门", "endStation": "肖村", "distance": 1275},
    {"startStation": "旧宫", "endStation": "小红门", "distance": 2366},
    {"startStation": "亦庄桥", "endStation": "旧宫", "distance": 1982},
    {"startStation": "亦庄文化园", "endStation": "亦庄桥", "distance": 993},
    {"startStation": "万源街", "endStation": "亦庄文化园", "distance": 1538},
    {"startStation": "荣京东街", "endStation": "万源街", "distance": 1280},
    {"startStation": "荣昌东街", "endStation": "荣京东街", "distance": 1354},
    {"startStation": "同济南路", "endStation": "荣昌东街", "distance": 2338},
    {"startStation": "经海路", "endStation": "同济南路", "distance": 2265},
    {"startStation": "次渠南", "endStation": "经海路", "distance": 2086},
    {"startStation": "次渠", "endStation": "次渠南", "distance": 1281},
    {"startStation": "亦庄火车站", "endStation": "次渠", "distance": 1334}
  ],
  "首都机场线": [
    {"startStation": "北新桥", "endStation": "东直门", "distance": 1622},
    {"startStation": "东直门", "endStation": "三元桥", "distance": 3022},
    {"startStation": "三元桥", "endStation": "3号航站楼", "distance": 18322},
    {"startStation": "3号航站楼", "endStation": "2号航站楼", "distance": 7243},
    {"startStation": "2号航站楼", "endStation": "三元桥", "distance": 20738}
  ],
  "大兴机场线": [
    {"startStation": "草桥", "endStation": "大兴新城", "distance": 13028},
    {"startStation": "大兴新城", "endStation": "大兴机场", "distance": 25303}
  ],
  "燕房线": [
    {"startStation": "燕山", "endStation": "房山城关", "distance": 2076},
    {"startStation": "房山城关", "endStation": "饶乐府", "distance": 1777},
    {"startStation": "饶乐府", "endStation": "马各庄", "distance": 984},
    {"startStation": "马各庄", "endStation": "大石河东", "distance": 2087},
    {"startStation": "大石河东", "endStation": "星城", "distance": 1929},
    {"startStation": "星城", "endStation": "阎村", "distance": 1649},
    {"startStation": "阎村", "endStation": "紫草坞", "distance": 1210},
    {"startStation": "紫草坞", "endStation": "阎村东", "distance": 1541}
  ],
  "西郊线": [
    {"startStation": "香山", "endStation": "植物园", "distance": 983},
    {"startStation": "植物园", "endStation": "万安", "distance": 1733},
    {"startStation": "万安", "endStation": "茶棚", "distance": 1550},
    {"startStation": "茶棚", "endStation": "颐和园西门", "distance": 1505},
    {"startStation": "颐和园西门", "endStation": "巴沟", "distance": 2922}
  ]
}